{
  "total_requests": 20,
  "total_tokens": 296,
  "total_time": 0.13062047958374023,
  "throughput": 2266.107129167564,
  "ttft": {
    "avg": 0.09377504587173462,
    "p50": 0.09383940696716309,
    "p95": 0.09391604661941527,
    "p99": 0.09392854928970336,
    "median": 0.09383940696716309
  },
  "tpot": {
    "avg": 0.0017042591588664418,
    "p50": 0.001733219081705267,
    "p95": 0.001872413158416748,
    "p99": 0.0018864378929138183,
    "median": 0.001733219081705267
  },
  "latency": {
    "avg": 0.11658215522766113,
    "p50": 0.11353254318237305,
    "p95": 0.12992939949035645,
    "p99": 0.13071724891662598,
    "median": 0.11353254318237305
  },
  "queue_waiting_time": {
    "avg": 0.0014277458190917968,
    "p50": 0.0014598369598388672,
    "p95": 0.0019252657890319826,
    "p99": 0.001998288631439209
  },
  "time_breakdown": {
    "scheduler_time": 0,
    "executor_time": 0,
    "prefill_time": 0,
    "decode_time": 0,
    "total_step_time": 0
  },
  "batch_stats": {
    "avg": 0,
    "peak": 0
  },
  "queue_stats": {
    "avg": 0,
    "peak": 0
  },
  "gpu_occupancy": 1.0,
  "admission_rate": 1.0,
  "total_steps": 25,
  "kv_stats": {
    "memory_utilization": 0.0,
    "peak_shared_blocks": 0,
    "prefix_cache_hits": 0,
    "prefix_cache_hit_rate": 0.0
  }
}